title,description
Desa Binaan 2.0 Wujud Nyata Pengabdian Mahasiswa di Pasuruan,"FTMM NEWS – Badan Eksekutif Mahasiswa Fakultas Teknologi Maju dan Multidisiplin Universitas Airlangga melaksanakan program Desa Binaan 2.0 sebagai wujud nyata pengabdian masyarakat. Program tahunan BEM FTMM ini berfokus pada pemberdayaan masyarakat desa dan tahun ini berkolaborasi dengan Komunitas ARGON. Kegiatan ini bertujuan untuk menghadirkan solusi berkelanjutan melalui pendekatan teknologi, inovasi, dan peningkatan kemandirian desa. Dengan strategi tersebut, Desa Binaan 2.0 berupaya menjadi inspirasi bagi pengembangan program serupa di wilayah lain.

Pada minggu pertama, kegiatan ini berlangsung pada hari Jumat hingga Minggu, 12–14 September 2025, di Desa Ngerong, Kabupaten Pasuruan. Rombongan volunteer berangkat menuju lokasi pada Jumat sore, kemudian melanjutkan sesi briefing internal untuk mempersiapkan kegiatan esok hari. Pembukaan resmi berlangsung pada Sabtu, 13 September 2025, di Balai Dusun Karangploso, Kecamatan Gempol. Acara berawal dari sambutan Ketua Pelaksana, kemudian berlanjut dengan Presiden BEM FTMM, Dosen Pembimbing, Pembina BEM FTMM, serta Kepala Dusun. Dalam sambutannya, Presiden BEM FTMM, Rozy, menyampaikan, “Desa Binaan 2.0 menghadirkan perubahan positif serta memperkuat kebersamaan mahasiswa bersama masyarakat desa”. Setelah itu, Kepala Dusun Karangploso menyampaikan rasa terima kasih atas kontribusi mahasiswa dan berharap kegiatan ini membawa manfaat nyata bagi warga.Ketua Pelaksana Desa Binaan 2.0, Hajar Mutmainah, menjelaskan usulan inovasi sekaligus memaparkan rencana pelaksanaan program kerja. Fokus utama program adalah revitalisasi tandon dengan sistem filtrasi untuk menjaga ketersediaan air bersih masyarakat. Selain itu, volunteer juga menyiapkan implementasi teknologi ultrasonik sebagai solusi ramah lingkungan dalam mengusir hama pertanian. Volunteer Desa Binaan 2.0 merancang kedua inovasi ini agar masyarakat dapat menerapkannya dengan mudah serta menjaganya berkelanjutan dalam jangka panjang.

Selain dua fokus utama tersebut, volunteer juga menyiapkan sejumlah program pendukung. Mereka melaksanakan sosialisasi pembuatan QRIS dan penandaan lokasi di Google Maps untuk mendukung penjualan UMKM warga, sejalan dengan tujuan SDGs Pekerjaan Layak dan Pertumbuhan Ekonomi (Goal 8) serta Infrastruktur, Industri, dan Inovasi (Goal 9). Volunteer juga melakukan pengecekan awal sistem filtrasi sebagai langkah pemanfaatan air bersih, yang mendukung SDGs Air Bersih dan Sanitasi (Goal 6).

Dengan demikian, seluruh rangkaian acara Desa Binaan 2.0 di minggu pertama ini berjalan dengan sukses. Mahasiswa FTMM tidak hanya belajar mengabdi, tetapi juga merasakan kehangatan masyarakat desa, sementara warga Dusun Karangploso memperoleh pengalaman berharga untuk pengembangan potensi lokal. Harapannya program ini dapat terus berlanjut sebagai jembatan kebermanfaatan antara kampus dan masyarakat, sekaligus mendukung pencapaian SDGs."
Forum Group Discussion SEGTA 2025 Bahas Community Development,"FTMM NEWS – Sesudah kegiatan orientasi pada Senin (14/07) lalu, peserta Sustainable Energy and Green Technology Applications (SEGTA) 2025 ikuti kegiatan Forum Group Discussion, pada Senin (21/07). FGD kali ini berfokus pada topik Community Development (comdev) dan berlangsung via zoom.

Prof. Dr. Retna Apsari, M.Si. Wakil Dekan 3 Bidang Riset, Inovasi, Pengabdian Masyarakat, dan Kerjasama FTMM Universitas Airlangga mengatakan, FGD menjadi agenda penting dalam SEGTA. Dalam kegiatan comdev, panitia membagi dalam 6 topik. Masing-masing “Solar-Powered Hydroponics: A Solution for Enhancing Food Security and Reducing Reliance on Fossil Fuels”. Kedua, “Coconut Tree Planting to Preserve Oxygen Quality in Gili Iyang”. Berikutnya topik “Education Outreach: Empowering Students through Electric Mobility and Renewable Energy Education”. Lalu “Real-Time Air Quality Monitoring: Toward Green Sustainable Gili Iyang Island”, dan Drone Applications, Green Technology, and Policy for Supporting Sustainable Tourism. Terakhir, ada “Maintaining Solar Shelters to Ensure Renewable Energy Quality in Gili Iyang”.Pada breakroom 1, Rizki Putra Prastio, S.Si, M.T. menyampaikan topik “Solar-Powered Hydroponics: A Solution for Enhancing Food Security and Reducing Reliance on Fossil Fuels”. Pada kesempatan presentasi, Tio, panggilan akrabnya, menjelaskan latar belakang Tujuan Pembangunan Berkelanjutan (Sustainable Development Goals) sebagai hal yang penting. Lalu peningkatan populasi dunia yang masif. Sebagai pembuka informasi topik pada SEGTA ini, Tio juga memaparkan kegiatan komunitas pertanian hidroponik yang sudah berlangsung di Ngerong, Pasuruan.

Sementara pada breakoutroom 2, Tahta Amrillah, S.Si., M.Sc., Ph.D Dosen Prodi Rekayasa Nano juga menjelaskan singkat perihal topik “Coconut Tree Planting to Preserve Oxygen Quality in Gili Iyang”. Tahta juga menyampaikan perihal microbial propagation. Hal ini bisa mendukung pada pertumbuhan tanaman lewat dengan cairan yang mengandung substrare penumbuh. Juga molasses sebagai produk limbah yang mengandung gula yang bisa sebagai bio-fertilizer.SEGTA 2025 akan berlangsung di Surabaya, Sumenep, dan juga Probolinggo. SEGTA berlangsung 6-14 Agustus 2025.

"
Solar Harvest: Pengering Panen Cerdas Berbasis IoT dan Energi Surya Karya Mahasiswa Elektro FTMM UNAIR,"FTMM NEWS – Tim Inovasi Ikatan Mahasiswa Elektro (IME) Universitas Airlangga kembali menggelar kegiatan pengabdian masyarakat di Desa Wangkal Kepuh, Kabupaten Jombang. Kegiatan ini mendukung SDGs UNAIR 2025 dengan menggerakkan mahasiswa menciptakan teknologi tepat guna untuk masyarakat. Selama ini, para petani di desa tersebut masih menggunakan cara tradisional dalam proses pengeringan hasil panen, seperti menjemur secara terbuka. Metode tersebut sangat bergantung pada cuaca dan rentan terhadap kerusakan, kontaminasi, serta kehilangan hasil panen.

Sebagai solusi, tim IME memperkenalkan inovasi teknologi bernama Solar Harvest. Alat ini merupakan sistem pengering hasil panen berbasis Internet of Things (IoT) dan energi terbarukan. Solar Harvest memakai panel surya dan sensor suhu serta kelembapan yang terbaca secara real-time. Data dari alat dapat diakses melalui aplikasi Android.Petani Desa Wangkal Kepuh menyambut antusias karena alat ini efisien dan ramah lingkungan.Pemasangan Solar Harvest dilaksanakan oleh tim IME pada 04 Juli 2025 langsung di area pertanian milik warga. Kegiatan ini menunjukkan kontribusi nyata dalam mendukung pencapaian SDGs nomor 7 (energi bersih dan terjangkau) dan SDGs nomor 9 (infrastruktur tangguh dan inovasi berkelanjutan). Dengan teknologi ini, masyarakat kini bisa menjalankan proses pascapanen secara modern dan efisien.

Sebagai bentuk kedekatan dan partisipasi aktif bersama masyarakat, tim IME juga mengikuti kegiatan panen padi bersama petani setempat. Momen ini mempererat kebersamaan dan menunjukkan manfaat Solar Harvest dalam mendukung pertanian dari hulu ke hilir.

Pemasangan alat berlangsung lancar, kemudian alat langsung berfungsi untuk mengeringkan hasil panen padi secara efisien. Masyarakat Berharap Pengembangan dan replikasi teknologi terus berlanjut demi menghadirkan solusi pengeringan modern yang hemat energi dan ramah lingkungan.

"
BEM FTMM x ARGON Kembangkan Pupuk Limbah Sisik Ikan Mujair,"FTMM NEWS –  BEM FTMM Universitas Airlangga melalui Kementerian Sosial Pengabdian Masyarakat dan Lingkungan Hidup bekerja sama dengan Airlangga Student Research Group of Nanotechnology (ARGON). Mereka mengembangkan inovasi pertanian ramah lingkungan dalam bentuk Agro Nanoshield. Agro Nanoshield adalah pupuk unggulan berbahan dasar limbah sisik ikan mujair yang diolah menjadi nanokitosan. Inovasi pupuk ini mendukung pembangunan berkelanjutan secara nyata.Petani di Dusun Karangploso masih menggunakan pupuk kimia setiap musim tanam. Pupuk kimia menurunkan kandungan organik tanah dan merusak strukturnya. Akibatnya, kesuburan tanah menurun dari waktu ke waktu. Para petani membutuhkan solusi ramah lingkungan secara cepat. Agro Nanoshield hadir dengan harapan menjaga kesuburan tanah dan hasil panen.BEM FTMM x ARGON menggelar sosialisasi pada 28 Juni 2025 di Dusun Karangploso, Ngerong, Gempol, Pasuruan dengan bantuan dana dari SDGs UNAIR.  Kegiatan ini dihadiri 16 perwakilan petani, perangkat dusun, dan karang taruna setempat. Tim menjelaskan SDGs poin 1, 2, dan 6 secara ringkas. Poin 1 (Tanpa Kemiskinan) mendorong peningkatan pendapatan petani. Pada poin 2 (Tanpa Kelaparan) memastikan ketersediaan pangan berkualitas. Poin 6 (Air Bersih dan Sanitasi) menjaga kualitas air irigasi tanpa limbah kimia.

Tim juga memaparkan proses pembuatan pupuk nanokitosan dari awal hingga siap pakai. Proses ini meliputi ekstraksi kitosan dari sisik mujair dan sintesis nanopartikel. Saat sosialisasi, tim membawa sampel pupuk yang sudah jadi dan menyemprotkan pupuk tersebut langsung di lahan sawah. Petani menyambut baik karena pupuk ini praktis dan  ramah lingkungan. Agro Nanoshield dapat membuka peluang baru untuk pertanian desa yang lebih sehat. Petani bisa meningkatkan hasil panen tanpa merusak kesuburan tanah. Program ini juga mengurangi limbah sisik ikan secara efisien melalui pemrosesan di laboratorium. "
Pemasangan SmartAqua oleh RASENA UNAIR Dorong Inovasi Tambak Berkelanjutan,"FTMM NEWS –Tim RASENA Universitas Airlangga kembali melaksanakan kegiatan pengabdian masyarakat di Gunung Anyar Tambak, Kecamatan Gunung Anyar, Surabaya. Program ini berlangsung dalam rangka Call for Pengmas SDGs Center UNAIR 2025, yang mendorong inovasi mahasiswa pada pengabdian masyarakat. Selama ini, sebagian besar petambak memberi pakan secara manual tanpa jadwal tetap. Kondisi ini membuat proses budidaya kurang efisien, tidak konsisten dalam takaran, serta menghabiskan banyak tenaga.

Sebagai solusi, tim RASENA memperkenalkan inovasi teknologi bernama SmartAqua. Alat ini merupakan sistem feeder otomatis berbasis timer yang menjamin presisi distribusi pakan. SmartAqua juga dilengkapi sensor real-time untuk memantau pH, kekeruhan, dan sisa pakan melalui load cell. Teknologi ini tentunya mempermudah pemantauan karena pengguna tidak perlu datang langsung ke lokasi. Pengguna Android dapat mengakses SmartAqua melalui aplikasi yang telah dikembangkan, sementara pengguna iOS dapat memantau alat melalui website resmi RASENA.

Warga Gunung Anyar Tambak menyambut antusias alat ini karena sebelumnya belum memiliki sistem monitoring yang akurat dan efisien. “Alatnya cukup efektif, serta sudah mengadopsi teknologi energi terbarukan yaitu solar panel, jadi juga ikut serta dalam melestarikan lingkungan. Kami sangat terbantu dan berharap alat ini bisa terus dikembangkan,” ujar Ketua RT 05 Gunung Anyar Tambak, Bapak Eko Suhanto.Melalui pemasangan SmartAqua, tim RASENA UNAIR berkontribusi pada SDGs nomor 9, yakni membangun infrastruktur tangguh dan mendukung industrialisasi inklusif. Teknologi ini juga membantu warga menjalankan kegiatan budidaya yang mendorong inovasi secara produktif dan berkelanjutan. Selain menyelesaikan masalah teknis, inisiatif ini juga meningkatkan literasi teknologi masyarakat lokal.

Pada 29 Juni 2025, tim RASENA memasang alat SmartAqua secara langsung pada tambak di Kelurahan Gunung Anyar Tambak. Kegiatan ini mencakup sesi sosialisasi lanjutan yang berhasil menarik lebih banyak partisipasi dari pengurus tambak. Sebagai tambahan, tim juga membagikan manual book penggunaan SmartAqua kepada warga sekitar. Tujuannya agar masyarakat juga dapat secara mandiri melakukan pemeliharaan alat tersebut. 

Dengan demikian, pemasangan alat terlaksana dengan lancar dan tidak mengalami hambatan di lapangan. Warga kini sudah mulai menggunakan alat tersebut secara langsung untuk kebutuhan tambak mereka. Mereka juga dapat memantau kondisi air dan mengatur pemberian pakan ikan secara otomatis setiap hari."
Pemanfataan Integrasi Teknologi Machine Learning dan IoT Tim IMERCY Inisiasi SQyM V2 ,"FTMM NEWS – Sabtu (29/06) Tim Instrumentation and Energy Research Community Universitas Airlangga (IMERCY), memasang instalasi SQyM V2 (Soil Quality Monitoring Versi 2) di Desa Plaosan Wonoayu Sidoarjo melalui program CFR (Call For Research) UNAIR. SQyM V2 adalah alat monitor kualitas tanah lahan tani yang dapat memberikan rekomendasi tindakan pada para petani. Tim IMERCY membuat sistem ini dengan memanfaatkan sekaligus membandingkan data melalui 3 jenis algoritma Machine Learning, yaitu Random Forest (RF), Decision Tree (DT), dan Artificial Neural Network (ANN). Sistem ini bertujuan untuk menggolongkan tipe kualitas tanah lahan tani. 

Selain itu, SQyM V2 juga mendukung sektor pertanian dalam memenuhi capaian Sustainable Development Goals (SDGs). Terutama pada poin 2 (Tanpa Kelaparan), poin 9 (Industri, Inovasi dan Infrastruktur), poin 15 (Ekosistem Daratan), poin 17 (Kemitraan untuk Tujuan). SQyM berguna dalam capaian  pertanian yang berkelanjutan.Para petani dan pemerintah tingkat desa menyambut baik instalasi SQyM V2. Mereka berharap SQyM V2 dapat meningkatkan efektivitas produktivitas pertanian dalam mengolah data. Juga petani bisa memahami dalam mengklasifikasikan kualitas tanah. SQyM V2 berfungsi untuk mengukur tujuh parameter, yakni tanah dengan kandungan nitrogen, fosfor, kalium, kelembaban, pH, TDS, dan salinitas. Dalam proses klasifikasi tanah, Tim IMERCY juga melakukan uji laboratorium di Laboratorium Sumberdaya Lahan Agroteknologi UPN Veteran Jawa Timur. Sementara itu, Tim IMERCY menganalisis sampel tanah dari lahan tani untuk menggolongkan karakteristik tanah ke dalam tujuh parameter dengan kategori rendah, sedang, dan tinggi.

Selain itu, SQyM memanfaatkan panel surya sebagai sumber daya dan ESP8266 sebagai mikrokontroler. “SQyM bekerja dengan sensor NPK untuk membaca data. Sistem memproses data tersebut terlebih dahulu dengan bantuan cloud server untuk memastikan kualitas dan kesiapannya. Data yang sudah bersih lalu dimasukkan ke dalam tiga model machine learning, yaitu Decision Tree (DT), Random Forest (RF), dan Artificial Neural Network (ANN).

Selanjutnya, sistem mengimplementasikan model terbaik berdasarkan evaluasi Confusion Matrix dan Accuracy Score pada perangkat ESP32. Data akhir yang ditampilkan berupa teks deskriptif yang dapat diakses melalui display alat dan smartphone. Dengan begitu kami sangat berharap SQyM V2 dapat mempermudah para petani dalam memperlakukan lahan taninya” ujar tim IMERCY dalam penjelasannya mengenai alat. 

Dengan demikian, algoritma Artificial Neural Network dapat bekerja lebih optimal daripada 2 algoritma lainnya dalam memberikan rekomendasi tindakan. Algoritma Artificial Neural Network memiliki tingkat akurasi yang tinggi dalam memberikan rekomendasi tindakan. Dengan begitu, SQymM V2 dapat mempermudah para petani untuk memperlakukan tanah lahan tani. Melalui instalasi SQyM V2, kami berharap dapat membantu para petani mengoptimalkan hasil produktivitas lahan tani."
SMARTAQUA: Alat Pakan Ikan Otomatis Berbasis IoT Karya RASENA,"FTMM NEWS – Tim Pengabdian Masyarakat SDGs RASENA Universitas Airlangga menghadirkan SMARTAQUA, alat pakan ikan otomatis berbasis Internet of Things (IoT) dan energi surya. Tim Rasena merancang alat ini untuk membantu petambak air tawar di Kecamatan Gunung Anyar, Surabaya. Selama ini, sebagian besar petambak memberi pakan secara manual tanpa jadwal tetap. Kondisi tersebut membuat proses budidaya kurang efisien, menghabiskan banyak tenaga, dan menurunkan hasil panen.

SMARTAQUA hadir sebagai solusi agar petambak dapat mengatur jadwal pemberian pakan secara otomatis. Melalui dukungan teknologi IoT, petambak bisa mengoperasikan alat ini dari jarak jauh dengan mengakses aplikasi ponsel. Panel surya berfungsi penuh menyuplai kebutuhan energi SMARTAQUA, sehingga alat ini beroperasi secara mandiri tanpa bergantung pada listrik PLN. Dengan inovasi ini, petambak dapat meningkatkan produktivitas, menghemat biaya, serta menjaga konsistensi hasil panen.SMARTAQUA berperan penting dalam mendukung pencapaian SDGs 7 (Energi Bersih dan Terjangkau). Tim Rasena menggunakan panel surya sebagai sumber energi utama untuk mengoperasikan alat ini. Penggunaan energi matahari menjadi langkah konkret dalam mendorong transisi energi bersih di kalangan masyarakat. Dengan mengurangi ketergantungan pada listrik berbasis fosil, SMARTAQUA membantu menekan emisi karbon sekaligus menurunkan biaya operasional petambak. 

Selain bermanfaat secara ekonomi, penggunaan energi terbarukan melalui SMARTAQUA juga meningkatkan kesadaran masyarakat terhadap pentingnya energi bersih. Inovasi ini memberikan contoh nyata penerapan energi ramah lingkungan dalam aktivitas produktif di sektor perikanan. Dengan cara ini, lebih peduli terhadap lingkungan melalui penggunaan energi terbarukan.

Sementara pada 14 Juni 2025, tim melakukan uji coba perdana SMARTAQUA pada salah satu kolam ikan warga Gunung Anyar. Kolaborasi antara mahasiswa, dosen, dan masyarakat menjadi langkah nyata menuju penerapan teknologi terapan yang mendukung kesejahteraan petambak dan keberlanjutan lingkungan."
IMERCY UNAIR Hadirkan Teknologi Canggih untuk Membantu Petani Plaosan Melawan Hama,"FTMM NEWS – Desa Plaosan, salah satu dari ratusan desa di Kabupaten Sidoarjo, Jawa Timur, memiliki dataran subur seluas 115,21 Ha dan dengan penduduk sekitar 6.568 jiwa. Mayoritas penduduk desa ini bekerja sebagai petani dan pedagang. Potensi lahan pertanian yang luas dan subur sebenarnya menawarkan peluang besar untuk meningkatkan produksi dan kesejahteraan desa. Pengoptimalan lahan ini penting untuk membuka peluang usaha baru, menyerap tenaga kerja, dan meningkatkan nilai ekonomi, serta menguatkan daya saing produk pertanian desa Plaosan.

Meskipun demikian, desa ini belum sepenuhnya memanfaatkan potensi tersebut. Berbagai masalah, termasuk serangan hama, menghambat hasil pertanian yang optimal. Penurunan produktivitas karena dampak hama yang merusak tanaman padi, sehingga mengurangi hasil panen. Petani di desa ini merasa khawatir karena padinya rusak akibat serangan hama.

Petani di Desa Plaosan telah mencoba berbagai metode untuk mengatasi masalah ini, seperti menjaga ekosistem alami, berburu hama secara manual, dan menggunakan pestisida. Namun, penggunaan pestisida yang berlebihan justru menimbulkan masalah baru: merusak tanah dan tanaman, serta mengganggu keseimbangan ekosistem alami. Dampak negatif penggunaan pestisida juga meliputi penurunan kesehatan tanah dan potensi risiko kesehatan bagi masyarakat.Dalam upaya nyata untuk mengabdi pada masyarakat, IMERCY (Instrumentation And Energy Research Community) UNAIR memperkenalkan program “Pertanian Berkelanjutan” untuk mengatasi masalah hama di Desa Plaosan. Program ini menggunakan teknologi canggih berupa alat pengendalian hama yang memanfaatkan gelombang suara ultrasonik dengan frekuensi 15 KHz – 20 KHz. Gelombang suara ini efektif untuk mengusir hama seperti tikus dan burung emprit. Selain itu, akan ada penerapan sistem pemantauan suhu dan sinar matahari untuk mengendalikan hama wereng.

Teknologi ini terkoneksi di smartphone, menawarkan kemudahan penggunaan bagi petani. Alat ini menggunakan tenaga dari Pembangkit Listrik Tenaga Surya (PLTS), mendukung tujuan SDGs ke-7 tentang energi bersih dan terjangkau. IMERCY juga merencanakan pelatihan bagi petani untuk memastikan mereka dapat memanfaatkan teknologi ini secara efektif. Program ini mendapat pendanaan dari SDGs Center UNAIR, yang mendukung pelaksanaan program pengabdian ini.

Desa Plaosan menjadi contoh awal dari penerapan teknologi ramah lingkungan dalam pertanian berkelanjutan yang mendukung SDG 7. Praktik baik yang diterapkan di desa ini diharapkan dapat menjadi model bagi desa-desa lain di Indonesia. Evaluasi dan tindak lanjut dari program ini akan dilakukan untuk memastikan keberlanjutan dan keberhasilan jangka panjang."
AGRO NANOSHIELD: Inovasi Pupuk Nanokitosan dari Limbah Ikan untuk Pertanian Berkelanjutan,"FTMM NEWS – Peningkatan produktivitas pada aspek pertanian sering kali menjadi tantangan besar, terutama dalam menghadapi hama yang mengancam hasil panen. Penggunaan pestisida kimia berlebihan secara terus-menerus berpotensi menyebabkan kerusakan lingkungan dan berdampak pada kesehatan manusia. Oleh karena itu, BEM FTMM menawarkan sebuah inovasi yaitu pupuk nanokitosan berbahan dasar limbah sisik ikan mujair. Program Agro Nanoshield ini menjadi fokus utama BEM FTMM UNAIR dalam menyelesaikan masalah pertanian melalui bentuk pengabdian masyarakat.Petani padi di Dusun Karang Ploso, Desa Ngerong, Pasuruan, menghadapi ancaman serius dari hama putih palsu (Cnaphalocrocis medinalis). Hama ini berpotensi merusak tanaman, menurunkan produktivitas, dan pada akhirnya berdampak pada keuntungan petani. Selama ini, petani bergantung pada pestisida kimia untuk mengurangi serangan hama. Namun, dengan adanya Agro Nanoshield, diharapkan dapat menjadi solusi yang berkelanjutan dan ramah lingkungan.

Nanokitosan merupakan sintesis material kitosan berskala nano yang dapat terurai secara hayati. Dalam bidang pertanian, nanokitosan dapat meningkatkan pertumbuhan dan memiliki sifat antimikroba yang efektif menghambat pertumbuhan jamur dan bakteri patogen. Hal tersebut menjadikannya sebagai pilihan yang efektif untuk melindungi tanaman dari hama dan penyakit. Penggunaan pupuk nanokitosan berhasil menekan biaya dari pada penggunaan pupuk kimia sehingga dapat mengembangkan sistem pertanian yang lebih efisien.

Program Agro Nanoshield juga mendukung pencapaian Sustainable Development Goals (SDGs)  ke-1 dan ke-2 dalam pengentasan kemiskinan serta kesehatan yang baik dan kesejahteraan. Dengan dukungan dari berbagai pihak, termasuk universitas, pemerintah, dan masyarakat, Agro Nanoshield memiliki potensi besar untuk diterapkan di daerah lain. Inovasi ini membuktikan bahwa integrasi nanoteknologi dapat digunakan untuk menciptakan produk yang menguntungkan ekonomi, mendukung kelestarian lingkungan, dan kesejahteraan masyarakat. Program Agro Nanoshield dilakukan sebagai upaya untuk membuka wawasan baru terkait  nanoteknologi untuk mewujudkan desa yang lebih maju."
NABDIDAYA: Misi Lestarikan Budaya di Kampung Bakat Sonokwijenan,"FTMM NEWS – Kampung Bakat Sonokwijenan yang berada di Surabaya Barat kaya akan budaya, termasuk Tari Remo Gagrak Anyar dan Lukisan. Himpunan Mahasiswa Rekayasa Nanoteknologi mengikuti program Call For Pengmas SDG’s 2025 sebagai bentuk pelestarian budaya dan menangani berbagai masalah lingkungan. HIMANO memberi nama program ini NABDIDAYA 2025 yang berarti Nano Mengabdi dan Berbudaya. Program ini mencakup pelatihan tari, pelaksanaan festival, serta dokumentasi budaya. Selain itu, kegiatan ini juga berkontribusi dalam meningkatkan kesadaran masyarakat setempat akan pelestarian lingkungan. 

NABDIDAYA 2025 mengusung tema Sinergi Nanoteknologi dan Kearifan Lokal: Bank Sampah, Akuaponik, dan Tari Remo Gegrek Anyar sebagai Solusi Hijau dan Pelestarian Budaya di Sonokwijenan. NABDIDAYA 2025 mengusung tema ini berdasarkan kondisi masyarakat serta lingkungan di kampung bakat, Sonokwijenan. Di era globalisasi seperti ini,  Budaya di kampung bakat masih sangat kental namun justru kurangnya pemanfaatan media sosial untuk menyebarluaskan serta melestarikan budaya. Berbagai masalah lingkungan yang ada di kampung bakat juga menjadi fokus perhatian pengabdian ini.Kondisi lingkungan di kampung bakat masih terdapat banyak sampah yang bertebaran di sekitar sehingga menyebabkan aroma yang tidak sedap. Hal tersebut disebabkan karena pengelolaan sampah serta tempat sampah yang kurang memadai. NABDIDAYA 2025 akan berfokus pada pengadaan bank sampah.Tempat pengumpulan sampah kering yang memiliki manajemen layaknya perbankan ini berfungsi sebagai bank sampah, di mana masyarakat menabung sampah bukan uang. Harapannya dengan adanya bank sampah dapat meningkatkan kesadaran masyarakat tentang kebersihan lingkungan serta menciptakan lingkungan yang asri. 

Kampung Bakat mengembangkan budidaya ikan lele dengan manajemen yang baik. Selain untuk kewirausahaan dan konsumsi, masyarakat juga dapat memanfaatkannya sebagai akuaponik. Akuaponik adalah perpaduan budidaya ikan dan sayuran yang saling terhubung dan memberi manfaat satu sama lain. Melalui program NABDIDAYA 2025, HIMANO akan menyediakan solusi pemanfaatan budidaya ikan lele untuk masyarakat. Melalui pembuatan akuaponik masyarakat setempat dapat melestarikan lingkungan dengan menambah penghijauan dan juga menghasilkan manfaat yakni panen sayuran. 

NABDIDAYA 2025  juga akan membantu memasarkan karya lukisan milik seniman kampung bakat melalui media sosial dan juga toko online. Selain melakukan pengabdian kepada masyarakat kampung bakat, melalui program NABDIDAYA 2025, HIMANO juga akan mengenalkan eksistensi kampung bakat ke masyarakat luas. Program-program ini membantu masyarakat Kampung Bakat menciptakan lingkungan yang lebih sehat, hijau, dan bersih. Kampung bakat juga dapat memiliki kesempatan yang lebih besar untuk meningkatkan kesejahteraan mereka. Program-program ini membantu masyarakat Kampung Bakat menciptakan lingkungan yang lebih sehat, hijau, dan bersih. Program ini memiliki peran penting dalam mendukung pencapaian SDG’s, khususnya pada SDG’s 6, 11, dan 12.  "
IMERCY Unair Borong 2 Skema Pendanaan SDGs Center UNAIR 2025,"FTMM NEWS – Pada 10 Maret 2025, komunitas mahasiswa Instrumentation and Energy Research Community (IMERCY) Universitas Airlangga (Unair) berhasil meraih pendanaan dalam dua kompetisi SDGs. Kompetisi tersebut adalah Call for Research (CFR) 2025 dan Call for Pengmas (CFP) 2025. SDGs Center Unair menyelenggarakan kompetisi ini untuk mengembangkan minat dan bakat mahasiswa melalui riset serta pengabdian masyarakat guna mendukung Tujuan Pembangunan Berkelanjutan (SDGs).

“Alhamdulillah yang jelas bangga dan bersyukur sekali kepada kedua tim dari IMERCY yang dapat memborong kedua pendanaan (Call for Research 2025 dan Call for Pengmas 2025) dari SDGs Unair. Kebanggaan ini tentu juga membuat kami semakin yakin dan termotivasi untuk merealisasikan kedua proyek dengan sebaik-baiknya dan memberikan hasil yang maksimal.” – IMERCY Unair. Keberhasilan ini menunjukkan komitmen IMERCY dalam inovasi berkelanjutan, setelah sebelumnya berhasil meraih pendanaan dalam CFP 2024. Tahun ini, IMERCY mengusung dua proyek utama, yaitu SQyM Versi 2 dan AISMo.Pada CFP 2024, IMERCY mengembangkan Soil Quality Monitoring (SQyM) untuk membantu petani di Desa Plaosan, Kecamatan Wonoayu, Kabupaten Sidoarjo. Alat ini berfungsi dalam menjaga kualitas tanah dan meningkatkan hasil panen. Namun, para petani kerap mengalami kesulitan dalam membaca serta menginterpretasikan data akibat keterbatasan literasi digital.

Sebagai solusi, IMERCY mengembangkan SQyM Versi 2 dengan fitur interpretasi data berbasis teks deskriptif serta rekomendasi tindakan menggunakan Machine Learning (ML). SQyM Versi 2 menerapkan algoritma seperti Decision Tree (DT), Random Forest (RF), dan Artificial Neural Network (ANN) untuk meningkatkan akurasi serta mempermudah pemahaman data. Melalui inovasi ini, IMERCY berharap jika petani dapat lebih mudah mengakses dan memanfaatkan SQyM Versi 2 dalam memahami kondisi tanah.Selain sektor pertanian, IMERCY juga menangani permasalahan perhutanan melalui CFP 2025. Tahun ini, IMERCY bekerja sama dengan Hutan Wakaf YPM di Desa Ngembat, Kecamatan Gondang, Kabupaten Mojokerto, untuk mengatasi permasalahan lingkungan. Hutan ini memiliki dua sumber mata air, satu di dataran tinggi dan satu di dataran rendah. Namun, saat musim kemarau, sumber air di dataran rendah sering mengering, menyebabkan kekeringan di lahan sekitar.

Sebagai solusi, IMERCY mengembangkan Agricultural Irrigation & Soil Monitoring (AISMo), yang menggabungkan SQyM dengan teknologi Smart Drip. AISMo bekerja dengan menganalisis kualitas tanah menggunakan sensor dan mengoptimalkan distribusi air agar lebih efisien. Melalui AISMo, IMERCY berharap dapat membantu mengurangi dampak kekeringan serta meningkatkan efektivitas penggunaan air di Hutan Wakaf YPM.Kedua proyek IMERCY mendukung beberapa poin Tujuan Pembangunan Berkelanjutan (SDGs). Proyek ini sejalan dengan SDG 1 mengenai tanpa kemiskinan dan SDG 15 mengenai menjaga ekosistem darat. Selain itu, IMERCY turut mendukung SDG 17 yang berfokus pada kemitraan untuk mencapai tujuan. Keberhasilan pendanaan ini menjadi bukti nyata kontribusi IMERCY dalam pengembangan teknologi berkelanjutan di sektor pertanian dan perhutanan. Melalui inovasi ini, IMERCY berharap dapat menciptakan solusi bermanfaat bagi masyarakat serta berkontribusi pada pencapaian SDGs di masa depan."
Limbah Kulit Siwalan: Membangun Desa Mandiri di Dusun Rejosari,"FTMM NEWS – Masalah lingkungan hidup adalah tantangan global yang membutuhkan kepedulian bersama demi keberlanjutan. Namun, manusia menjadi penyebab utama kerusakan lingkungan karena kurangnya kesadaran dan pengelolaan limbah yang buruk. Edukasi masyarakat tentang pengelolaan limbah secara bijaksana sangat penting untuk meminimalkan dampaknya. Dalam hal ini, Perserikatan Bangsa-Bangsa (PBB) mencanangkan Sustainable Development Goals (SDGs) sebagai panduan untuk mencapai keberlanjutan global.

Sustainable Development Goals (SDGs) adalah kesepakatan global untuk mencapai pembangunan berkelanjutan dalam berbagai sektor guna menghadapi tantangan zaman. SDGs menjadi panduan strategis dalam menciptakan keseimbangan antara pertumbuhan ekonomi, pelestarian lingkungan, dan kesejahteraan sosial. Quality Education dan Responsible Consumption and Production memiliki peran penting dalam mendorong pembangunan yang inklusif dan berkelanjutan.

Quality Education bertujuan memberikan pendidikan berkualitas yang relevan dengan kebutuhan masyarakat untuk meningkatkan wawasan dan keterampilan. Responsible Consumption and Production fokus pada pola pengelolaan sumber daya yang efisien dan ramah lingkungan. Tujuan ini mengedukasi masyarakat tentang dampak perilaku konsumsi dan pengelolaan limbah yang tidak bijaksana. Melalui edukasi pengolahan limbah, masyarakat dapat mengurangi limbah sekaligus menciptakan produk bernilai ekonomi yang mendukung keberlanjutan.

Dalam semangat mewujudkan SDGs terkait Quality Education dan Responsible Consumption and Production, HMTI mengadakan program kerja (proker) dengan judul “Desa Mitra” di Dusun Rejosari, Surabaya, Jawa Timur. Melalui proker ini, mahasiswa dan masyarakat saling berbagi pengetahuan. Mahasiswa membawa materi mengenai pemanfaatan limbah kulit siwalan menjadi biochar. Inovasi ini bertujuan mengurangi limbah dan memberikan nilai tambah yang berdampak pada ekonomi masyarakat.Sementara itu, pengelolaan limbah kulit siwalan melalui biochar merupakan solusi untuk mengurangi sampah organik. Biochar yang berasal dari limbah kulit siwalan dapat menghasilkan nilai ekonomis dan ramah lingkungan. Selain itu, biochar memiliki manfaat sebagai pupuk dan dapat menyerap polutan dalam tanah. Proses ini mendukung tujuan SDGs dalam Responsible Consumption and Production yang lebih berkelanjutan.

Mahasiswa Teknik Industri Universitas Airlangga memberikan sosialisasi kepada masyarakat mengenai cara mengolah limbah kulit siwalan menjadi biochar. Mereka mengajarkan teknik pengelolaan limbah kulit siwalan yang efisien serta cara pembakaran yang tepat untuk menghasilkan biochar. Selain itu, sosialisasi ini menyampaikan manfaat biochar untuk meningkatkan kesuburan dan memperbaiki struktur tanah. Hal ini juga memungkinkan masyarakat meningkatkan kesejahteraan dan berkontribusi pada pelestarian lingkungan serta keberlanjutan ekonomi lokal.

Kegiatan Desa Mitra ini mendapat apresiasi dari berbagai pihak dan diharapkan dapat menjadi contoh bagi kegiatan serupa di masa mendatang. Pada akhirnya, melalui pengabdian seperti ini, HMTI Universitas Airlangga menunjukkan komitmennya dalam menerapkan ilmu untuk kemaslahatan masyarakat."
IMERCY FTMM Tampilkan Hasil Pengabdian di SDGs Festival UNAIR,"FTMM NEWS – SDGs Center Universitas Airlangga, Kamis (24/10) menggelar SDGs Festival 2024, di depan Perpustakaan Kampus B, UNAIR. Tim IMERCY FTMM berpartisipasi dalam pameran booth. Ini karena IMERCY lolos Call for Pengmas 2024. IMERCY memamerkan produknya, SQyM yang merupakan akronim dari Soil Quality Monitoring.  SQyM merupakan sistem monitoring pertanian berbasis panel surya.Berkat lolos pendanaan, IMERCY berkesempatan untuk memamerkan hasil kerja mereka dalam SDGs Festival 2024 di kampus B UNAIR. Pada kegiatan, terdapat banyak orang yang tertarik dengan hasil kerja IMERCY. Bahkan, beberapa menujukkan antusiasme yang tinggi pada SQyM. Tak hanya itu, output dari pengabdian masyarakat ini tidak terbatas dalam bentuk alat. Namun, juga dalam bentuk video dalam short movies. 

IMERCY menjelaskan pada short movies dari awal ide itu terbentuk sampai pengaplikasian SQyM di Desa  Plaosan, Sidoarjo. Mulai dari mengumpulkan massa, membuat MoU (Memorandum of Understanding), survei lokasi.Juga pemasangan alat muncul dalam short movies ini. Selain itu, terdapat beberapa testimoni warga desa terkait dampak yang positif setelah dipasang alat SQyM oleh tim pengabdian masyarakat IMERCY. Pada video juga ditampilkan harapan – harapan warga kedepannya.

Hasil video ini tidak mengecewakan dan mengantarkan tim IMERCY untuk meraih juara 2 dalam kategori video terbaik pada festival SDGs UNAIR. Walaupun tidak mendapatkan juara dalam kategori booth terbaik, namun tim IMERCY sudah cukup puas dengan hasil ini. "
FTMM UNAIR – SMK Wijaya Putra Luncurkan BANGGA EVCS,"FTMM NEWS – Kamis (14/11) RC NREE FTMM Universitas Airlangga (UNAIR) berkolaborasi dengan SMK Wijaya Putra meluncurkan BANGGA EVCS. BANGGA EVCS merupakan singkatan dari Electric Vehicle Charging Station. Produk inovatif ini hasil kerja keras tim Rasena dengan dukungan penuh dari RC NREE FTMM UNAIR. BANGGA EVCS terancang untuk mendukung pengisian daya kendaraan listrik yang efisien dan ramah lingkungan.

Selain itu, kegiatan ini  juga terisi dengan pelatihan pembuatan aplikasi monitoring pengisian daya berbasis IoT. Dalam pelatihan ini, peserta dari SMK Wijaya Putra belajar menggunakan Android Studio dengan bahasa pemrograman Java dan Kotlin. Aplikasi tersebut terbuat untuk memantau pengisian daya kendaraan secara real-time. Langkah ini bertujuan membekali siswa dengan keterampilan digital yang selaras dengan kebutuhan teknologi masa kini.FTMM NEWS – Kamis (14/11) RC NREE FTMM Universitas Airlangga (UNAIR) berkolaborasi dengan SMK Wijaya Putra meluncurkan BANGGA EVCS. BANGGA EVCS merupakan singkatan dari Electric Vehicle Charging Station. Produk inovatif ini hasil kerja keras tim Rasena dengan dukungan penuh dari RC NREE FTMM UNAIR. BANGGA EVCS terancang untuk mendukung pengisian daya kendaraan listrik yang efisien dan ramah lingkungan.

Selain itu, kegiatan ini  juga terisi dengan pelatihan pembuatan aplikasi monitoring pengisian daya berbasis IoT. Dalam pelatihan ini, peserta dari SMK Wijaya Putra belajar menggunakan Android Studio dengan bahasa pemrograman Java dan Kotlin. Aplikasi tersebut terbuat untuk memantau pengisian daya kendaraan secara real-time. Langkah ini bertujuan membekali siswa dengan keterampilan digital yang selaras dengan kebutuhan teknologi masa kini."
Sekolah Jurnalistik Batch 1 FTMM : Workshop Membuat Artikel Dengan Skor SEO,"FTMM NEWS  – Sekolah Jurnalistik FTMM baru saja mengadakan workshop menulis dengan judul “Menulis dengan Skor SEO dan Keterbacaan”. Acara ini terlaksana pada Sabtu, (23/11/2024) di GKB UNAIR Kampus C. Workshop ini menghadirkan tiga narasumber yang masing-masing membawakan materi “Branding Through Writing”, Skor Keterbacaan, serta Berkenalan dengan SEO. Acara ini melibatkan 20-an peserta dari berbagai prodi di bawah naungan FTMM.Andri Hariyanto, S.Sos mempresentasikan materi dengan topik ‘Branding Through Writing”. Selama 60 menit, pemateri menekankan pentingnya melakukan branding lewat website untuk meningkatkan kepercayaan dari pengunjung web. Lalu Edwin Fatahuddin, beliau menjelaskan pentingnya pengaturan kalimat saat melakukan copywriting untuk mempengaruhi search engine agar berada di pencarian atas. Dan materi terakhir oleh Pak M. Wildan Azky Hamdani, beliau menerangkan apa saja yang diperlukan untuk meningkatkan pengunjung web atau user.Dalam pembuatan website tentu penting untuk membuat pengunjung hadir pada website yang kita buat. Oleh karena itu, membuat headline yang menarik disertai informasi yang relevan dirasa perlu. Workshop ini menyajikan materi yang sesuai dengan hal-hal apa saja yang perlu dilakukan, seperti membuat headline yang menarik, cara menentukan keyword, pengaturan web, serta penulisan artikel yang sesuai dengan ketentuan search engine. Penulisan artikel sendiri juga membahas tentang‘Skor Keterbacaan’. Juga tips-tips terkait pembuatan web dalam workshop kali ini.Tipsnya antara lain penaruhan link dalam artikel seperti pengaturan ‘open in new tab’, membuat konten yang sesuai kebutuhan user. Selain itu, juga hal lain untuk menjawab apa saja yang di ingin ketahui oleh mereka. Sebenarnya cukup banyak tipsnya. Pemateri yang asik juga atraktif turut menambah keseruan workshop kali ini. Selain itu, menambah relasi juga merupakan benefit dari mengikuti kegiatan ini."
Prodi Rekayasa Nanoteknologi Desiminasikan Nanosensor di BBPOM Surabaya Dukung SDGs,"FTMM NEWS – Prodi Rekayasa Nanoteknologi kembali gelar pengabdian masyarakat berbasis desiminasi IPTEK. Topiknya, mengenai nanosensor bekerja sama dengan BBPOM di Surabaya (30/9). Acara ini melibatkan 56 peserta yang merupakan pegawai BBPOM Surabaya, perwakilan Dinkes Pemprov Jatim, UPT PMP2KP Surabaya, dan PT SGS Indonesia. Pengabdian masyarakat yang berjudul “Peran Nanoteknologi dalam Mendeteksi Bahan Tambahan Makanan dan Obat melalui Pendekatan Nanosensor di BBPOM di Surabaya. Pengmas ini sebagai Upaya mendukung SDGs” merupakan kali ketiga Prodi Rekayasa Nanoteknologi bekerja sama dengan BBPOM. Sebelumnya, pengmas juga berlangsung di Pontianak dan Denpasar.“Kegiatan ini sangat berguna karena dapat transfer pengetahuan antara Universitas Airlangga dan BBPOM, kita dikenalkan dengan perkembangan teknologi terbaru, yaitu nanoteknologi, khususnya nanosensor. Dari sini dapat sama-sama belajar mendeteksi bahan makanan dan obat menggunakan nanosensor,” ujarnya.

Kemudian sambutan Plt Kepala BBPOM di Surabaya, Budi Sulistyowati, S.Farm, Apt, yang sangat mendukung kerja sama antara Universitas Airlangga dan BBPOM di Surabaya. Kegiatan pengabdian masyarakat hari ini dapat menjadi momentum kolaborasi yang baik untuk bersama-sama mewujudkan obat dan makanan yang aman bagi masyarakat. Harapannya, nanosensor dapat terpakai untuk deteksi cepat dalam aplikasinya untuk analisis di BBPOM.Materinya mulai pengenalan Prodi Rekayasa Nanoteknologi oleh Dr. Raden Joko K. Susilo, lalu Prastika K. Jiwanti, PhD selaku peneliti yang mengembang nanosensor ini. Peserta sangat antusias dan apresiasi dengan nanosensor hasil pengembangan Prodi Rekayasa Nanoteknologi. Harapannya, nanosensor bisa terproduksi massal dan teraplikasikan di seluruh Indonesia dan mendukung SDGs pada poin 3, good health and well-being, dan poin 12, yaitu responsible consumption and production."
Sumbangsih FTMM UNAIR untuk Wisata Telaga Biru di Pulau Bintan,"FTMM NEWS – Fakultas Teknologi Maju dan Multidisiplin (FTMM) Universitas Airlangga secara konsisten memberikan sumbangsihnya pada kegiatan Airlangga Community Development Hub (ACDH) 2024. Acara berlangsung di Pulau Bintan, Kabupaten Kepulauan Riau. Pada tahun 2024, FTMM menjawab tantangan dan kebutuhan Masyarakat Desa Busung yang mengelola suatu tempat wisata bernama Telaga Biru yang sebelumnya adalah lokasi tambang pasir. Keindahan tempat tersebut bekas tambang tersebut berasal dari struktur kawasan yang mirip dengan gurun pasir. Terlebih lagi bekas tambang yang terisi air hujan dan berwarna biru muda.Hal ini menjadi daya tarik wisatawan nasional maupun internasional. FTMM membangun lima (5) unit lampu penerangan bertenaga surya untuk menerangi kawasan wisata tersebut. Lampu penerangan tersebut berkekuatan 4000 lumens, dengan baterai LiFePO4 16 Ah, dan pane surya polikristalin. Unit yang yang telah terintegrasi dan praktisi. Penerangan tersebut berfungsi dengan baik dan telah teruji mampu bekerja pada malam hari. Kontribusi ini adalah jawaban FTMM dari ketiadaan listrik pada tempat wisata tersebut karena sejatinya lokasi Telaga Biru bukan tanah milik desa sehingga PLN tidak dapat masuk. Sekaligus mendukung kegiatan SDGs poin 7 (Affordable and Clean Energy).Bekerjasama dengan dosen Fakultas Teknik dan Teknologi Kemaritiman Universitas Maritim Raja Ali Haji (UMRAH) Kota Tanjungpinang, Rizki Putra Prastio, S.Si., M.T., dosen TRKB FTMM mewakili kampus untuk membangun seluruh unit penerangan pada titik-titik yang telah ditentukan berdasarkan koordinasi dengan pengelola tempat wisata. Wakil FTMM lain yang turut hadir dalam aktivitas tersebut adalah Prof. Dr. Retna Apsari, M. Si, selaku Wakil Dekan RICD dan kerjasama FTMM UNAIR. Peresmian aktivitas ACDH 2024 di Telaga Biru secara langsung oleh Wakil Rektor Bidang Riset, Inovasi, dan Pengabdian Masyarakat UNAIR Prof. Dr. Ni Nyoman Tri Puspaningsih, M. Si beserta seluruh tim.

Pada kesempatan sosialisasi, Rizki Putra Prastio, S. Si., M. T. menjelaskan bahwa lampu akan menyala dengan otomatis ketika hari mulai gelap. Lampu penerangan tersebut punya sensor gerak yang dapat mendeteksi aktivitas manusia di bawahnya. Untuk menghemat baterai, lampu akan redup, tapi tidak mati total. Namun jika ada aktivitas manusia, intensitas lampu secara otomatis meningkat pada skala penuh. Warga berkesempatan untuk bertanya dan berdiskusi secara langsung dengan Rizki Putra Prastio, S. Si. M. T dan koleganya yang berasal dari Universitas Maritim Raja Ali haji, Anton Hekso Yunianto, S. T., M. Si. Telaga Biru yang sebelumnya gelap gulita, kini mendapatkan sinar dari lampu penerangan tersebut pada malam hari. Hal ini benar-benar menjadi kontribusi besar dan memberikan perbedaan nyata dari FTMM untuk masyarakat di kawasan tersebut. Aksi besar yang ini menjadi penyemangat Masyarakat Desa Busung untuk berkembang dan merencanakan peningkatan sarana dan prasarana agar menarik pengunjung lebih banyak lagi.

Kegiatan ACDH merupakan program pengabdian masyarakat yang diinisiasi oleh UNAIR sejak tahun 2022 untuk membantu masyarakat di daerah perbatasan, pulau-pulau terpencil, dan daerah pesisir di Indonesia. FTMM telah menjadi bagian ACDH sejak kegiatan pertama kali dilaksanakan."
Perawatan dan Pengembangan Sistem Hidroponik Melalui Desa Binaan FTMM Pasuruan,"FTMM NEWS – Hidroponik merupakan sebuah inovasi yang pernah menjadi salah satu perkembangan penting di Dusun Karangploso, Desa Ngerong, Pasuruan. Sayangnya, kurangnya perawatan menyebabkan sistem hidroponik tersebut terhenti. Saat ini, kelompok Desa Binaan 1.0 berupaya untuk mengembangkan dan merawat kembali hidroponik pada desa tersebut sesuai dengan tema keberlanjutan.

Perangkat desa menyambut hangat pada pembukaan program ini dengan sambutan langsung dari pembina BEM FTMM, Fadjar Mulya pada Sabtu, 7 September 2024. Desa Binaan FTMM berkomitmen untuk mengembangkan inovasi pada desa ini agar sejalan dengan Tujuan Pembangunan Berkelanjutan (SDGs) poin ke-9, yaitu “Industri, Inovasi, dan Infrastruktur.”Desa Binaan melakukan sosialisasi pada kelompok Karang Taruna dan masyarakat sekitar mengenai pembuatan pupuk cair nanokitosan serta sensor nutrisi pada hidroponik dengan memantau  melalui ponsel.

Pupuk cair hidroponik berasal dari cangkang pupa Black Soldier Fly (BSF) yang mengandung kitosan. BSF dalam bentuk larva merupakan pendekomposisi sampah organik. Untuk memperoleh pupuk cair nanokitosan, memerlukan beberapa tahapan sehingga dapat terpakai pada sistem hidroponik Dusun Karangploso. Penggunaan nanokitosan memiliki dua manfaat utama, yaitu memenuhi kebutuhan nutrisi tanaman serta melindungi tanaman dari serangan penyakit.

Untuk menjaga agar nutrisi tanaman selalu tercukupi, inovasinya dengan menciptakan sistem sensor pada hidroponik yang dapat terhubung dengan ponsel warga. Bekerja sama dengan IME UA, sensor terhubung dengan panel surya yang telah terpasang dan akan memberi informasi mengenai jumlah nutrisi, pH dan tingkat kekeruhan air. Sehingga warga Dusun Karangploso dapat mengawasi pertumbuhan tanaman dengan lebih mudah.

Program Desa Binaan 1.0 akan terus berlangsung hingga bulan Oktober. Inovasi dan perkembangan yang akan dikembangkan pada Desa Binaan nantinya diharapkan dapat membantu merevitalisasi sistem hidroponik dan mengembangkan kemampuan masyarakat Dusun Karangploso. "
Pengmas Teknik Industri Kenalkan Mesin 3D Printing di SMAN 9 Yogyakarta,"FTMM NEWS – Program studi  Teknik Industri (TI) Fakultas Teknologi Maju dan Multidisiplin (FTMM) Universitas Airlangga menggelar pengabdian masyarakat (Pengmas). Pengmas bertajuk Pengenalan Perangkat Lunak Computer Aided Design (CAD) dan Mesin 3D Printing yang berlangsung Selasa (4/6/2024) di SMA Negeri 9 Yogyakarta.

Hadir dalam pengmas tersebut, Dosen Teknik Industri UNAIR, Gunawan Setia Prihandana PhD serta Rizky Astari Rahmania ST MSc Rizky. Keduanya berkesempatan mengenalkan prodi TI sekaligus FTMM sebagai satu-satunya fakultas teknik baru di UNAIR.

Acara pengmas ini merupakan bagian dari upaya prodi TI untuk memperkenalkan salah satu aspek ilmu TI, yaitu sistem manufaktur. Para guru diundang untuk memahami proses produksi melalui mesin 3D Printing sebagai bentuk penerapan teori yang diajarkan kepada mahasiswa prodi TI.

Rahmat Santoso Soedirjo, mahasiswa TI sekaligus ketua pelaksana menyebutkan bahwa kegiatan ini menjadi salah satu bentuk branding TI UNAIR yang terbilang baru.

”Melalui pengenalan mesin 3D Printing ini, harapannya para guru di SMA dapat meneruskan pengetahuan kepada siswa-siswi mereka tentang mesin yang umumnya mahasiswa Teknik Industri gunakan. Sehingga dapat meningkatkan minat mereka untuk memilih Teknik Industri di UNAIR,” jelas Santoso.Kegiatan pengmas dimulai dengan penjelasan mengenai perangkat lunak yuntuk desain produk dan pengoperasian mesin di laptop. Selanjutnya, demonstrasi penggunaan mesin 3D Printing yang melibatkan seluruh peserta.

Selain pelatihan penggunaan 3D Printing, prodi TI juga memaparkan terkait hasil penelitian pembuatan lapisan (membran) penyaringan air menggunakan bahan styrofoam. Penelitian dan pengembangan Dosen TI, Gunawan, menunjukkan pemanfaatan olahan styrofoam untuk penyaringan air bersih. Sekaligus mendukung program keberlanjutan dunia pada SDGs ke-6, yakni “Air Bersih dan Sanitasi Layak”.

Dengan adanya kegiatan pengmas tersebut, Gunawan berpesan agar kegiatan pengmas ini dapat berlanjut dengan jangkauan sekolah-sekolah yang lebih luas lagi. ”Harapannya, kegiatan ini tidak hanya sebagai bentuk pengmas prodi saja. Tetapi juga bisa memberikan kebermanfaatan bagi SMA sebagai media pembelajaran tambahan secara praktik untuk mempersiapkan lulusan sekolah yang siap masuk ke jenjang selanjutnya, yakni perkuliahan,” tutup Gunawan."
"Laporan Pengabdian Masyarakat Internasional di Dili, Timor Leste","FTMM NEWS – WUACD Universitas Airlangga menggelar pengabdian masyarakat yang berlangsung 28 Mei sampai 1 Juni 2024. Acara ini  memberikan satu motivasi tersendiri pada rombongan dosen-dosen dari Universitas Airlangga. Khususnya berbagai macam keahlian dan siap untuk sharing ke masyarakat luas.

Kami dari Fakultas Teknologi Maju dan Multidisiplin, melibatkan tiga orang dosen yang mempunyai kepakaran di bidang yang berbeda-beda. Lilik Jamilatul Awalin, S.T., M.T., Ph.P KPS Prodi TE FTMM Universitas Airlangga menyampaikan materi tentang sosialisasi penggunaan tenaga listrik yang hemat energi. Beberapa tips sederhana dalam hal pemilihan perabot rumah tangga sampai dengan peralatan penunjang pendidikan. Materi ini mendapat sambutan yang antusias dari mahasiswa dan dosen yang berasal dari Fakultas Management dan Ekonomi di UNTL.Bagi mereka, hal ini merupakan pengetahuan baru yang sangat bermanfaat untuk menunjang kehidupan sehari hari mereka.

Meskipun berasal dari dasar background yang berbeda, akan tetapi ketika beberapa pertanyaan yang di berikan pemateri juga mendapat sambutan yang meriah dari para audient. Terlihat bagaimana para generasi muda di Timor Leste sadar akan pentingnya energi listrik bagi mendukung kehidupan mereka.

Pengabdian masyarakat ditutup oleh pertanyaan dari peserta tentang bagaimana menjamin keselamatan penggunaan energi listrik ketika manusia kontak dengan aliran listrik dan dijawab oleh pembicara dengan Bahasa yang lugas dan jelas. Sehingga penanya paham secara praktis bagaimana harus bertindak ketika kontak dengan semua hal yang terkait dengan energi listrik."
"Kembangkan Wisata, FTMM Kolaborasi dengan Bumdes Ngiroboyo Pacitan","FTMM NEWS – Mahasiswa Teknik Elektro dari Universitas Airlangga (UNAIR) sedang menjalankan kolaborasi menarik dengan Kelompok Sadar Wisata (Pokdarwis) dan Bumdes Pantai Ngiroboyo, Pacitan. Mereka bertujuan untuk menjelajahi dan mengembangkan potensi pariwisata yang berkelanjutan dengan memanfaatkan teknologi terbarukan, serta mendukung pencapaian Sustainable Development Goals (SDGs).

Mahasiswa Teknik Elektro UNAIR saat ini sedang melakukan diskusi untuk merumuskan ide-ide inovatif  dalam pengembangan pariwisata di Pantai Ngiroboyo. Desa ini dikenal dengan keindahan alamnya, termasuk pantai eksotis dan potensi wisata bahari yang melimpah.

Langkah awal dalam proses ini adalah mengadakan studi mendalam tentang lingkungan dan kebutuhan wisatawan di daerah tersebut. Mahasiswa Teknik Elektro UNAIR bekerja sama dengan Pokdarwis dalam melakukan survei. Ini untuk mengidentifikasi aspek-aspek yang bisa di improve melalui pemanfaatan teknologi terbarukan. Seperti energi matahari, pengelolaan limbah, dan pemanfaatan sumber daya alam secara berkelanjutan.

Tidak hanya itu, kelompok ini juga sedang menjajaki peluang untuk menciptakan aplikasi yang dapat membantu wisatawan ke Desa Pantai Ngiroboyo. Tujuan dari ide ini adalah untuk meningkatkan aksesibilitas dan kenyamanan wisatawan dalam mengeksplorasi potensi pariwisata di daerah tersebut.

Yoga Uta Nugraha, S.T., M.T.Dosen Teknik Elektro UNAIR menganggap bahwa kolaborasi ini adalah langkah positif  di sektor pariwisata. Dr. Yoga Uta Nugraha menyatakan, “Kerjasama antara mahasiswa dan masyarakat lokal dalam mencari solusi berkelanjutan untuk pariwisata adalah langkah yang tepat.

“Dengan memanfaatkan teknologi terbarukan, kita bisa mendukung pelestarian lingkungan,” jelas Yoga.

Selama diskusi, Mahasiswa Teknik Elektro UNAIR juga mencoba mengidentifikasi potensi teknologi terbarukan lainnya yang bisa bermanfaat dalam pengembangan pariwisata. Konsep penggunaan panel surya untuk menyediakan energi ramah lingkungan bagi pengunjung. Serta penggunaan teknologi pengelolaan limbah yang efisien adalah beberapa ide yang sedang mereka kembangkan. Disamping itu, bekerja sama dengan Pokdarwis Desa Pantai Ngiroboyo, mahasiswa Teknik Elektro UNAIR berharap bahwa kolaborasi ini akan membantu mengangkat potensi pariwisata lokal sambil tetap memperhatikan prinsip-prinsip pembangunan berkelanjutan yang menjadi komitmen UNAIR dalam mencapai SDGs.

Sementara itu, pokdarwis berkomitmen untuk terus menjelajahi peluang baru. Kolaborasi ini menjadi contoh nyata bagaimana akademisi dan masyarakat lokal dapat bekerja sama untuk mencapai tujuan pembangunan berkelanjutan yang lebih baik sambil meningkatkan potensi pariwisata daerah."
Kolaborasi Asik FTMM Clean Up Daya Dengan Trash Control Community,"FTMM NEWS – BEM FTMM melalui Kementrian Sosial, Pengabdian Masyarakat dan Lingkungan Hidup melakukan kegiatan pengabdian masyarakat berupa kegiatan pembersihan pantai. Kolaborasi dengan komunitas peduli lingkungan Trash Control Community (TCC).

Kegiatan pengabdian ini bertujuan untuk menumbuhkan kesadaran masyarakat tentang pentingnya kebersihan dan ancaman sampah serta menjaga kestabilan sumber daya untuk keberlangsungan generasi selanjutnya. Selain itu, kegiatan ini berguna untuk menanamkan kebiasaan hidup bersih di kalangan mahasiswa FTMM.

Mahasiswa yang mengikuti kegiatan ini berjumlah sekitar 35 orang. Pantai yang menjadi target eksekusi ialah Pantai kenjeran sekitar desa nambangan yang merupakan tempat wisata. Kegiatan ini berlangsung pada 30 september 2023 dari jam 4 sampai 6 sore.

 Mayfa Nabila Keyza (RN22), Ketua pelaksana FCD, Menjelaskan pemilihan pantai kenjeran di sekitar desa Nambangan karena merupakan tempat wisata yang dekat dengan lingkungan penduduk. Kebersihan pantai tersebut tentu saja akan sangat menentukan muka dari penduduk daerah tersebut serta Kesehatan penduduk maupun wisatawan. Masyarakat mengaku sangat senang dengan kegiatan ini

“Penduduk disana merasa sangat terbantu karena masalah mereka yang selama ini mengganggu dapat terselesaikan,” ujar Mayfa.

Sampah yang ada pada pantai kenjeran ini berasal dari oknum local yang tidak bertanggung jawab serta para wisatawan yang berlibur. Harapannya dengan adanya kegiatan ini masyarakat dapat lebih peduli terhadap kebersihan lingkungan. Mengingat kebersihan lingkungan ini merupakan cerminan dari penduduk daerah tersebut.

Aksi kolaborasi ini sesuai poin 14 SDGs tentang Life Below Water. Tujuan ke-14 adalah tentang melestarikan dan memanfaatkan samudra, lautan, dan sumber daya laut secara berkelanjutan. Lautan dan lautan yang sehat sangat penting bagi keberadaan manusia dan kehidupan di Bumi. Lautan sangat penting dalam kehidupan kita di bumi. Mencakup tiga perempat permukaan bumi, mengandung 97 persen air bumi, dan mewakili 99 persen ruang hidup di planet ini berdasarkan volume."
Himano x SDGs UNAIR Dorong Zero Waste Lifestyle,"FTMM NEWS – Isu zero waste menjadi isu yang menarik dalam pengabdian masyarakat HIMANO x SDGs UNAIR. Pengabdian masyarakat ini berlangsung 16 dan 23 September 2023, di daerah Dukuh Sutorejo, Surabaya. 

Mereka membawakan tema “Transformasi Limbah Organik Menjadi Energi Terbarukan: Mendorong Gerakan Zero Waste Lifestyle” melalui Pengolahan Biogas. Kegiatan-kegiatan yang mereka lakukan adalah sosialisasi mengenai jenis sampah, renewable energy dan SDGs serta praktek pembuatan reaktor biogas. Pada Pengabdian masyarakat ini, masyarakat yang ikut kegiatan ini  berjumlah 30 orang serta mahasiswa penyelenggara berjumlah 23 mahasiswa. 

Aliyah, warga RW 05 Dukuh Sutorejo mengaku senang dengan adanya pengabdian masyarakat ini. Mereka bisa menambah ilmu tentang pengolahan sampah. Aliyah berharap semoga pengabdian masyarakat ini mendapat dukungan penuh. Bukan hanya dari kampus, tetapi juga dari pemerintah. 

“Nantinya kita akan mengaplikasikan ilmu yang kita dapat sehingga daerah lingkungan daerah kita dapat lebih bersih,” ujar Aliyah. Harapannya dengan pengabdian ini dapat membuka mata masyarakat tentang pentingnya pengolahan limbah. Pengolahan limbah sangatlah penting bagi masyarakat. Jika mereka mampu menerapkan pengolahan limbah ini, bukan tidak mungkin Surabaya mencapai kota tanpa limbah. 

Sementara itu, zero waste sebagai suatu gerakan untuk tidak menghasilkan sampah dengan cara mengurangi kebutuhan, menggunakan kembali, mendaur ulang. Gerakan ini tidak melibatkan pembakaran maupun penimbunan seperti yang pada umumnya dilakukan pada limbah. Dengan begitu, maka dapat melestarikan dan memulihkan semua sumber daya.

Kegiatan pengmas zero waste sejalan dengan komitmen  FTMM mendukung poin 2 SDGs, “Zero Hunger”."
Digitalisasi UMKM dan Pendidikan Berkualitas di Dusun Kepetingan,"FTMM NEWS  – Dalam era globalisasi saat ini, dunia mengalami perubahan yang begitu cepat. Kemajuan teknologi, terutama dalam bidang informasi dan komunikasi, telah mengubah cara kita berkomunikasi, bekerja, dan belajar. Di tengah perubahan ini, pendidikan berkualitas menjadi salah satu kunci utama yang dapat mendorong pertumbuhan dan perkembangan suatu negara. Negara-negara yang mampu mengadaptasi sistem pendidikannya dengan tuntutan zaman akan memiliki keunggulan kompetitif di kancah internasional.

Sustainable Development Goals (SDGs) merupakan serangkaian tujuan global negara-negara anggota Perserikatan Bangsa-Bangsa untuk menciptakan dunia yang lebih baik dan berkelanjutan. Salah satu tujuan utama dari SDGs adalah Quality Education. Ini menekankan pentingnya pendidikan berkualitas sebagai fondasi dalam pembangunan berkelanjutan. Pendidikan yang berkualitas tidak hanya menghasilkan lulusan yang cerdas, tetapi juga individu yang kritis, kreatif, dan memiliki kepedulian sosial.

Namun, Quality Education dalam konteks SDGs bukan hanya berkaitan dengan akses pendidikan formal. Lebih dari itu, tujuan ini juga menyoroti bagaimana masyarakat, terutama generasi muda, dapat memanfaatkan ilmu dan teknologi untuk meningkatkan kualitas hidup mereka. Dengan pendidikan yang relevan dan adaptif, individu dapat mempersiapkan diri menghadapi tantangan masa depan, memanfaatkan peluang yang ada, dan berkontribusi aktif dalam pembangunan masyarakat dan negara.

Dalam semangat mewujudkan SDGs terkait Quality Education, HMTI mengadakan program kerja (proker) dengan judul “Desa Mitra” di Dusun Kepetingan, Sidoarjo, Jawa Timur. Melalui proker ini, mahasiswa dan masyarakat saling berbagi pengetahuan. Mahasiswa membawa materi mengenai digitalisasi UMKM, sebuah langkah penting dalam mempersiapkan UMKM menghadapi era digital, sementara masyarakat setempat memberikan pelajaran berharga tentang realitas UMKM di lapangan. Digitalisasi UMKM tidak hanya meningkatkan efisiensi dan produktivitas, tetapi juga memberikan peluang bagi masyarakat untuk mengakses informasi dan pelatihan yang relevan. Dengan demikian, mereka dapat meningkatkan kualitas produk atau jasa, serta memperluas jangkauan pasar mereka. Ini sejalan dengan prinsip Quality Education dalam SDGs, di mana pendidikan harus relevan dengan kebutuhan zaman dan memberikan manfaat langsung bagi masyarakat.

Salah satu highlight kegiatan ini adalah sesi telemedicine khusus Vaskular (iVascular) yang dioperasikan selama kegiatan berlangsung. Melalui zoom call, masyarakat Dusun kepetingan, Sidoarjo, Jawa Timur berkesempatan berdiskusi dengan salah satu dosen Teknik Industri Universitas Airlangga dr. Niko Azhari Hidayat, Sp.BTKV(K) yang merupakan pendiri dari produk Vaskular Indonesia. Diskusi ini memberikan wawasan lebih dalam mengenai pentingnya teknologi dalam bidang kesehatan, khususnya pembuluh darah.

Kegiatan Desa Mitra ini mendapat apresiasi dari berbagai pihak dan diharapkan dapat menjadi contoh bagi kegiatan serupa di masa mendatang. Melalui pengabdian seperti ini, HMTI Universitas Airlangga menunjukkan komitmennya dalam menerapkan ilmu untuk kemaslahatan masyarakat."
Education For Life dalam Mengatasi Dampak Buruk TPA Keputih,"FTMM NEWS – Dalam upaya mewujudkan tridarma perguruan tinggi, Universitas Airlangga terus menggalakkan kegiatan pengabdian masyarakat. Berbagai kegiatan pengmas mahasiswa ini, untuk pencapaian target Smart University. Satu diantaranya adalah kegiatan Education For Life (EFL) Departemen Sosial Himpunan Mahasiswa Teknik Industri (HMTI) Fakultas Teknologi Maju dan Multidisiplin.

EFL merupakan kegiatan berbagi ilmu , untuk ditransfer ke anak-anak dalam rangka mengatasi permasalahan sosial. Berfokus pada Sustainable Development Goals (SDGs) poin ke 4, yaitu quality education. Mahasiswa teknik industri FTMM berusaha untuk memberikan edukasi dan peningkatan kualitas edukasi kepada anak anak kampung astra.

Dengan latar belakang di Kampung Astra Surabaya yang punya gunungan sampah pada TPA Keputih, Sukolilo, Surabaya. Ini mengkhawatirkan dan berdampak buruk bagi masyarakat sekitar. Tumpukan sampah di TPA Keputih membuat masyarakat cukup terganggu. Padahal area sekitar TPA menjadi sarana dan tempat bermain untuk anak-anak. TPA bisa memberi dampak pada kesehatan.

EFL berlangsung selama tiga kali pertemuan, 16 Agustus, 26 Agustus, dan 9 September. Faktanya, tujuan kegiatan ini meningkatkan kesadaran masyarakat terutama anak-anak dalam menjaga kesehatan. Total peserta 30 anak-anak (6-12 tahun) yang berasal dari Kampung Astra, dengan lokasi balai warga setempat.

Sementara itu, kegiatan di hari pertama ini berisi sambutan ketua pelaksana kegiatan sosial Education For Life (EFL) yaitu Dwi Prima dan Ketua RT Kampung Astra. Pada pertemuan berikutnya, mahasiswa teknik industri memberikan materi dengan judul “Mulai Hidup Bersih dan Sehat dari Diri Sendiri”. Pada materi ini, anak-anak mendapat pemahaman dan penekanan bahwa kebersihan. Untuk pertemuan ketiga, topiknya “Sistem Pernapasan dan Bahaya Merokok” sebagai pendidikan awal agar anak menghindari kebiasaan merokok sejak dini. Dengan pemahaman bahaya merokok tersebut anak menjadi sadar untuk menghindari aktivitas merokok.

Kegiatan EFL ini  untuk mencapai visi fakultas yaitu menyelesaikan persoalan bangsa. Dari kegiatan tersebut, harapannya bisa memberikan manfaat bagi mahasiswa dalam rangka mengimplementasikan dan membagikan ilmu pengetahuan kepada anak-anak. Sehingga mereka memperoleh pemahaman yang baik untuk mengatasi permasalahan yang ada."
PPDB Day 2. Ini Hasil FGD Bareng Bumdes di Pacitan,"FTMM NEWS – Hari kedua pelaksanaan kegiatan pengabdian masyarakat Kabupaten Pacitan Jawa Timur, Sabtu (30/09), terisi dengan agenda Focus Group Discussion (FGD). FGD berlangsung di Pantai Ngiriboyo, Desa Sendang, Kecamatan Donorejo Kabupaten Pacitan.

Turut hadir Prof. Dr. Retna Apsari, M.Si, IPM Wakil Dekan 3 FTMM. Serta dosen dari Sekolah Pascasarjana dan Fakultas Vokasi. Sementara dari Desa Sendang, hadir unsur Subur Makmur Sendang dan Pokdarwis Sendang. Hadir pula unsur ASN Sekretariat Pemkab Pacitan.

Wildan Nur Swi Harmoko, Direktur Bumdes Subur Makmur Sendang mengatakan kalau kesempatan FGD sebagai media diskusi untuk menyampaikan uneg-uneg dalam pengelolaan wisata.

‘FGD tadi kami menyampaikan soal potensi dan pembangunan wisata,” jelas Wildan. Sebagai pengelola Pantai Ngiriboyo sejak 2012 lalu, pihaknya memang membutuhkan dukungan luar. Misal sektor sarana prasarana. Kesinergian sangat perlu. Lebih-lebih ada peningkatan kembali.

Pantai Ngiriboyo Pacitan masuk dalam 75 besar Anugerah Desa Wisata Indonesia (ADWI) 2023 oleh kategori digital dan kreatif. Penghargaan dari Kementerian Pariwisata dan Ekonomi Kreatif Republik Indonesia. Dengan kunjungan rata-rata 2.500 wisatawan perbulan, Pantai Ngiriboyo masih membutuhkan support luar.

Sementara itu Dr. Yoga Uta Nugraha, S.T., M.T.  Dosen Teknik Elektro FTMM UNAIR mengatakan, timnya sudah menerima beberapa masukan bumdes. Misal problem kelistrikan. Beberapa kali, listrik terputus dan mengganggu layanan wisata.

“Kalau dari keluhan listrik, opsi bisa ada pemasangan tabung listrik,” jelas Yoga.

Tabung listrik atau Uninterruptible Power Supply (UPS) bisa terpasang untuk kapasitas 1 Kilo Watt hour (KWh) . Menurutnya, 1 KWh bisa terpakai selama 2 jam, untuk menyalakan sound system dan penerangan."
"Di Pacitan, FTMM Bangun Desa Binaan","FTMM NEWS – Fakultas Teknologi Maju dan Multidisiplin Universitas Airlangga, kembali melakukan misi tri darma perguruan tinggi. Kabupaten Pacitan Jawa Timur menjadi sasaran. Lewat Progam Community Development Berbasis Renewable Energy dan Supporting, dan berfokus pada pembinaan desa binaan.

FTMM berkolaborasi dengan lintas fakultas dengan membawa nama Pengmas Pembinaan Desa Binaan (PPDB) Pacitan. Seperti Fakultas Sains dan Teknologi, Fakultas Vokasi dan Sekolah Pascasarjana. Menurut Prof. Dr. Retna Apsari, M.Si, IPM Wakil Dekan 3 FTMM, fokus FTMM pada support Parisiwata Geotermal Berbasis Renewable Energy dan IoT.

Sementara materi support Parisiwata Geotermal Berbasis Renewable Energy dan IoT tersampaikan pada kesempatan temu tatap muka di Gedung Karya Dharma, area Pendopo Kabupaten Pacitan. Acara ini berlangsung Jumat (29/09). Indrata Nur Bayuaji, S.S.  Bupati Pacitan, hadir dalam kesempatan ini. Indrata, dalam sambutannya bilang, mengapresiasi kehadiran UNAIR. Kendati beliau mengaku bahwa lokomotif utama di Pacitan adalah Pariwisata, yang mana gerbongnya merujuk perdagangan (UMKM) khas maupun jasa. Utamanya Sumber Daya Manusia (SDM), Mas Aji berharap ranah tersebut juga turut digagas bersama, oleh Unair maupun yang lain supaya lebih terbuka dengan hal-hal baru yang membangun.

“Teknologi dan wisata sangat berkaitan erat, promo wisata terus dilakukan melalui media sosial dan yang lain,” kata Aji, panggilan akrabnya.

Faktanya, PPDB Pacitan sejalan dengan komitmen FTMM mendukung capaian SDGs poin 7, yaitu energi bersih dan terjangkau. Juga poin 9 tentang Industri, Inovasi dan Infrastruktur.

Disisi lain, tim PPDB juga sempat berkunjung ke STKIP PGRI Pacitan. FTMM akhirnya menandatangani program kerjasama dengan kampus ini untuk beberapa kegiatan. Seperti Merdeka Belajar Kampus Merdeka (MBKM) dan pengabdian masyarkat.

"
Pengabdian Masyarakat FTMM di Kampung Mangrove,"FTMM News – Pada hari Rabu, 6 September 2023, Fakultas Teknologi Maju dan Multidisiplin (FTMM) melakukan kegiatan pengabdian masyarakat di Gunung Anyar, Surabaya. Kegiatan pengmas ini merupakan rangkaian acara SEGTA (Sustainable Energy and Green Technology Applications) hari kedua. Pada kegiatan ini, tim dari FTMM bermaksud untuk memberdayakan pohon bakau. Acara ini terintegrasi dengan peserta Joint Class, Fakultas Sains dan Teknologi (FST) dan juga SDGs centre Universitas Airlangga.

Acara inti kegiatan ini berlokasi di perumahan warga yang merupakan sasaran dari pengabdian masyarakat. Sebelum memulai acara inti, peserta SEGTA 2023 dan Joint Class berjalan-jalan mengelilingi area pohon bakau. Bersama dengan inbound students dari FST, peserta melakukan penanaman bibit pohon bakau di kawasan pohon bakau. Setelahnya, Seluruh peserta pengmas melakukan pengabdian masyarakat yang melibatkan Prisma Megantoro, S.T, M.Eng dari FTMM dan juga Dr. Sucipto dari Prodi Biologi FST. Bapak Prisma menjelaskan tentang peran pengabdian masyarakat ini dalam aplikasi sel surya. Sel surya dapat mengkonversi energi matahari menjadi energi listrik sebagai sumber listrik untuk menyalakan cahaya lampu pada jalan. Hal ini merupakan salah satu bentuk penanggulangan climate change dengan memanfaatkan energi baru terbarukan.

Selanjutnya, Bapak Sucipto menjelaskan tentang manfaat lain dari pohon bakau yang dapat diekplorasi lanjut. Contohnya, buah dan daun bakau dapat digunakan sebagai bahan dasar selai, kerupuk, maupun eco-paper. Masyarakat sangan antusias dengan kedatangan Universitas Airlangga dalam pemberdayaan masyarakat sekitar. Harapannya, kegiatan ini merupakan inisiasi awal dari pemberdayaan masyarakat di kelurahan Gununganyar  Tambak, Gununganyar, Surabaya. Semoga kegiatan ini dapat menjadi aksi iklim untuk menganggulangi perubahan iklim ekstrim dengan menggunakan energi baru terbarukan."
FTMM Raih Best Community Engagement pada InACE di Malaysia,"FTMM NEWS – Solar Dryer Dome sebagai produk inovasi FTMM berkolaborasi dengan Airlangga Community Hub (ACDH), mendapatkan award Best Community Engagement di InACE 2023. InACE 2023 berlangsung di Universiti Malaya pada tanggal 29 – 30 Agustus 2023. Acara tersebut merupakan kegiatan yang diinisiasi oleh World University Association Community Development (WUACD). Implementasi produk tepat guna tersebut, sangat membantu kalangan masyarakat nelayan Desa Pengudang, Kec. Teluk Sebong, Kab. Bintan Kepulauan Riau. Isu yang diangkat yaitu kebersihan ikan hasil pengeringan, keefektifan proses pengeringan dan penggunaan energi non fosil.
Sebagai presenter pada InACE adalah Prof. Dr. Retna Apsari, M. Si, IPM selaku Wakil dekan 3 FTMM. Lebih lanjut Prof. Dr. Retna Apsari, M. Si dalam paparannya menegaskan, bahwa energi matahari akan dikonversi menjadi listrik. Selanjutnya, energi listrik tersebut dapat menjadi sumber energi penghangat ruangan untuk mengeringkan ikan pada cuaca hujan. Ide ini menawarkan proses pengeringan yang tahan cuaca karena terlindung dari hujan, sehingga kualitas ikan tetap terjaga dan kebersihan ikan akan terlindungi dengan baik.“Best community engagement Award terkait dengan penggunaan renewable energy (EBT) di Desa Pengudang, khususnya energi panas matahari yang melimpah di pesisir pantai Pengudang, semakin memberikan semangat pada tim peneliti FTMM untuk terus berkarya. Hal tersebut juga sebagai wujud Meaningfull Research dari SMART University UNAIR, juga sebagai upaya pemaksimalan penggunaan energi surya untuk meminimalkan dampak buruk dari adanya perubahan iklim”, ungkap Prof. Dr. Retna Apsari, M. Si.

Dalam diskusi setelah penganugerahan, Prof. Retna Apsari mengungkapkan kebanggaannya bahwa hasil kerja bersama tim yang terdiri dari Rizki Putra Prasetyo (dosen prodi Teknik Robotika dan Kecerdasan Buatan), Prisma Mengantoro (Dosen Teknik Elektro) dan Yoga Utha Nugraha (Dosen Teknik Elektro) beserta mahasiswa mendapatkan apresiasi di level internasional.

Tim FTMM berhasil mengimplementasikan desain alat tersebut di Desa Pengudang. Tentunya, implementasi desain tersebut merupakan hasil kolaborasi dengan perguruan tinggi di Kepulauan Bintan. Tim FTMM berkolaborasi dengan Fakultas Teknik Universitas Maritim Raja Ali Haji (FT UMRAH) yang di komandani oleh Anton Hexso Yunianto, ST, M. Si dan Tonny Suhendra, ST, M.Cs beserta mahasiswa FT UMRAH.

Prof. Retna lebih lanjut menegaskan, “Dengan kolaborasi yang apik ini, harapannya UNAIR mampu memaksimalkan pemanfaatan teknologi terkini, mengoptimalkan nilai tambah dan memberikan dampak yang signifikan secara lokal, nasional dan global khususnya untuk masyarakat nelayan di desa Pengudang, Kecamatan Teluk Sebong, Kabupaten Bintan.”"
Delegasi FTMM Ikuti Program WUACD di Malaysia,"FTMM NEWS – Program World University Association Community Development (WUACD) yang digagas oleh Universitas Airlangga bersama salah satu anggota WUACD yaitu Universiti Teknologi Malaysia, berlangsung dengan sejumlah agenda. Sejumlah agenda tersebut yaitu diskusi di Konsulat Jenderal Republik Indonesia Johor Bahru dan di Sekolah Indonesia Johor Bahru (SIJB) Malaysia.

Sigit Suryantoro Widiyantoro (Konjen) memimpin langsung pertemuan ini diikuti Ir. Suharti M.A, Ph.D (Sekjen Kemendikbud Johor Bahru), Muhammad Rizali Noor (Pelaksana Fungsi Pensosbud dan Kepala Sekolah Sekolah Indonesia Johor Bahru), Prof. Dr. Ni Nyoman Tri Puspaningsih, M.Si (Wakil Rektor bidang RICD), Perwakilan Fakultas di UNAIR (Wakil Dekan 3 atau yang mewakili). PIC UTM yang hadir adalah Assoc Prof. Dr. Ardiansyah.

Prof. Nyoman memimpin tim UNAIR untuk menyampaikan dukungan community development dari Unair kepada KJRI Johor Bahru. Selain itu, masing-masing fakultas menyampaikan program yang telah berlangsung untuk referensi kegiatan community development di Malaysia khususnya KJRI Johor Bahru, melalui ke-2 karya buku yang sudah di serahkan ke Konjen.

Delegasi WUCD Juga Kunjungi Sekolah Migran Indonesia
Sesudah acara pertemuan, delegasi melanjutkan dengan kegiatan kunjungan Sekolah Indonesia Johor Bahru (SIJB) yang membawahi level SD dan SMP dengan total keseluruhan adalah 350 Siswa. Lokasi SIJB berada pada satu lokasi yang sama dengan KJRI Johor Bahru. Siswa dalam naungan SIJB adalah putra-putri dari imigran Indonesia yang tidak memiliki dokumen legal sehingga tidak bisa mendapat Pendidikan layak di Malaysia.

Dalam sesi dikusi, delegasi mendapatkan berbagai informasi tantangan. Salah satu contohnya adalah harapan UNAIR melalui program-program community development. Mereka mengharapkan peran UNAIR untuk memberikan solusi dari berbagai macam tantangan yang ada. Contohnya, salah satu harapan yang perwakilan guru SD sampaikan adalah dukungan dari FTMM UNAIR untuk pelatihan robotik. mereka berharap FTMM UNAIR dapat memberikan pelatihan tersebut kepada para siswa SD dan SMP. Tujuannya agar dapat meningkatkan pengetahuan teknologi masa kini.

Prodi Robotika dan Kecerdasan Buatan, Teknik Industri, Teknik Elektro, serta Teknologi Sains Data dapat membantu implementasi berkelanjutan di Johor Bahru. Wakil Dekan 3 FTMM UNAIR, Prof. Dr. Retna Apsari, IPM berharap program lanjutan dapat membantu meningkatkan kesejahterann para pekerja migran di Johor Bahru dan keluarganya. Lebih lanjut beliau menyampaikan bahwa implementasi Community Development ini,  sangat bersinergi dengan SDGs 3 (Good health and well being) dan SDGs 4 (Quality Education)."